{"cameraMode":{"drawMode":0,"name":"Shaded","section":"Shading Mode"},"sceneLighting":true,"audioPlay":false,"sceneViewState":{"showFog":true,"showMaterialUpdate":false,"showSkybox":true,"showFlares":true,"showImageEffects":true,"showParticleSystems":true},"in2DMode":false,"pivot":{"x":289.8504638671875,"y":731.1585693359375,"z":-1343.6851806640625},"rotation":{"x":-0.3582403063774109,"y":0.5963801741600037,"z":-0.3367755115032196,"w":-0.6348292231559753},"size":239.79421997070313,"orthographic":false}