{"cameraMode":{"drawMode":0,"name":"Shaded","section":"Shading Mode"},"sceneLighting":true,"audioPlay":false,"sceneViewState":{"showFog":true,"showMaterialUpdate":false,"showSkybox":false,"showFlares":true,"showImageEffects":true,"showParticleSystems":true},"in2DMode":false,"pivot":{"x":-5.824183940887451,"y":20.383686065673829,"z":0.6225127577781677},"rotation":{"x":-0.29146093130111697,"y":-0.6925982236862183,"z":0.36814063787460329,"w":-0.5478615164756775},"size":0.7347127795219421,"orthographic":false}