{"cameraMode":{"drawMode":0,"name":"Shaded","section":"Shading Mode"},"sceneLighting":false,"audioPlay":false,"sceneViewState":{"showFog":true,"showMaterialUpdate":false,"showSkybox":false,"showFlares":true,"showImageEffects":true,"showParticleSystems":true},"in2DMode":false,"pivot":{"x":532.007568359375,"y":-110.00186157226563,"z":-22.904815673828126},"rotation":{"x":-0.1773422509431839,"y":-0.048401739448308948,"z":0.008736499585211277,"w":-0.982936441898346},"size":407.8307189941406,"orthographic":false}