{"cameraMode":{"drawMode":0,"name":"Shaded","section":"Shading Mode"},"sceneLighting":true,"audioPlay":false,"sceneViewState":{"showFog":true,"showMaterialUpdate":false,"showSkybox":true,"showFlares":true,"showImageEffects":true,"showParticleSystems":true},"in2DMode":false,"pivot":{"x":303.73431396484377,"y":187.2069091796875,"z":230.9695281982422},"rotation":{"x":-0.08379486203193665,"y":-0.48332124948501589,"z":-0.04654186591506004,"w":0.8701801896095276},"size":202.16665649414063,"orthographic":false}