{"cameraMode":{"drawMode":0,"name":"Shaded","section":"Shading Mode"},"sceneLighting":true,"audioPlay":false,"sceneViewState":{"showFog":true,"showMaterialUpdate":false,"showSkybox":true,"showFlares":true,"showImageEffects":true,"showParticleSystems":true},"in2DMode":false,"pivot":{"x":-10.323253631591797,"y":-209.680908203125,"z":-2384.19189453125},"rotation":{"x":0.12536795437335969,"y":0.6466919183731079,"z":-0.10885822027921677,"w":0.7445179224014282},"size":64.56241607666016,"orthographic":false}