{"cameraMode":{"drawMode":0,"name":"Shaded","section":"Shading Mode"},"sceneLighting":true,"audioPlay":false,"sceneViewState":{"showFog":true,"showMaterialUpdate":false,"showSkybox":false,"showFlares":true,"showImageEffects":true,"showParticleSystems":true},"in2DMode":false,"pivot":{"x":-0.08824355900287628,"y":4.348196506500244,"z":7.879634380340576},"rotation":{"x":-0.18467441201210023,"y":0.09421646595001221,"z":-0.017904171720147134,"w":-0.9782485365867615},"size":0.7194362878799439,"orthographic":false}