{"cameraMode":{"drawMode":0,"name":"Shaded","section":"Shading Mode"},"sceneLighting":true,"audioPlay":false,"sceneViewState":{"showFog":true,"showMaterialUpdate":false,"showSkybox":true,"showFlares":true,"showImageEffects":true,"showParticleSystems":true},"in2DMode":false,"pivot":{"x":-20.361289978027345,"y":-68.22816467285156,"z":2427.347412109375},"rotation":{"x":0.4005255103111267,"y":0.5608305335044861,"z":-0.35488906502723696,"w":0.6319042444229126},"size":17.118267059326173,"orthographic":false}